Team Name,Twitter,Facebook,Instagram,Team Site
AF CORSE NO. 21,https://twitter.com/AFCorse,https://www.facebook.com/afcorseofficial,https://www.instagram.com/afcorse_official/,https://www.afcorse.it/english
AF CORSE NO. 88,https://twitter.com/AFCorse,https://www.facebook.com/afcorseofficial,https://www.instagram.com/afcorse_official/, 
ANDRETTI AUTOSPORT NO. 36, , , , 
ANDRETTI AUTOSPORT NO. 94, , , , 
AO RACING NO. 80, , , , 
AWA NO. 13, , , , 
AWA NO. 17, , , , 
BMW M TEAM RLL NO. 24,https://twitter.com/RLLracing,https://www.facebook.com/RahalLettermanLaniganRacing,https://www.instagram.com/rllracing/,https://rahal.com/
BMW M TEAM RLL NO. 25,https://twitter.com/RLLracing,https://www.facebook.com/RahalLettermanLaniganRacing,https://www.instagram.com/rllracing/,https://rahal.com/
CADILLAC RACING NO. 01,https://twitter.com/CGRTeams,https://www.facebook.com/search/top?q=chip%20ganassi%20racing,https://www.instagram.com/chipganassiracing/, 
CADILLAC RACING NO. 02,https://twitter.com/CGRTeams,https://www.facebook.com/search/top?q=chip%20ganassi%20racing,https://www.instagram.com/chipganassiracing/, 
CETILAR RACING NO. 47,https://twitter.com/CetilarRacing,https://www.facebook.com/CetilarRacing,https://www.instagram.com/cetilar_racing/,http://www.cetilarracing.com/
CORVETTE RACING NO. 3,https://twitter.com/CorvetteRacing,https://www.facebook.com/corvetteracingusa, ,https://www.corvetteracing.com/
CROWDSTRIKE RACING BY APR NO. 04,https://twitter.com/CrowdStrikeRcng,https://www.facebook.com/CrowdStrikeRacing,https://www.instagram.com/crowdstrikeracing/,https://crowdstrikeracing.com/
ERA MOTORSPORT NO. 18,https://twitter.com/EraMotorsport,https://www.facebook.com/EraMotorsport,https://www.instagram.com/era.motorsport/, 
FASTTMD RACING NO. 87, ,https://www.facebook.com/fastmdracing,https://www.instagram.com/fastmdracing/, 
FORTE RACING POWERED BY USRT NO. 78,https://twitter.com/USRaceTronics,https://www.facebook.com/usracetronics,https://www.instagram.com/usracetronics/, 
GRADIENT RACING NO. 66,https://twitter.com/GradientRacing,https://www.facebook.com/GradientRacing,https://www.instagram.com/gradientracing/,https://www.gradientracing.com/
HEART OF RACING TEAM NO. 23,https://twitter.com/HeartofRacing23,https://www.facebook.com/HeartOfRacing,https://www.instagram.com/theheartofracing/,https://www.heartofracingteam.com/
HEART OF RACING TEAM NO. 27,https://twitter.com/HeartofRacing23,https://www.facebook.com/HeartOfRacing,https://www.instagram.com/theheartofracing/,https://www.heartofracingteam.com/
HIGH CLASS RACING NO. 20,https://twitter.com/HighClassRacing,https://www.facebook.com/HighClassRacing,https://www.instagram.com/highclass.racing/, 
INCEPTION RACING NO. 70, ,https://www.facebook.com/inceptionracing, , 
IRON DAMES NO. 83,https://twitter.com/IronDames_,https://www.facebook.com/irondamesofficial,https://www.instagram.com/iron.dames/,https://www.ironlynx.it/iron-dames/
IRON LYNX NO. 19,https://twitter.com/IronLynx_,https://www.facebook.com/ironlynxmotorsport,https://www.instagram.com/iron.lynx/, 
IRON LYNX NO. 63,https://twitter.com/IronLynx_,https://www.facebook.com/ironlynxmotorsport,https://www.instagram.com/iron.lynx/, 
JDC-MILLER MOTORSPORTS NO. 5, ,https://facebook.com/JDCMotorsports1, ,http://www.jdcmotorsport.com/
JDC-MILLER MOTORSPORTS NO. 85,https://twitter.com/JDCMiller,https://www.facebook.com/JDCMotorsports1,https://www.instagram.com/jdcmotorsports/, 
KELLYMOSS WITH RILEY NO. 91,https://twitter.com/KellyMossRacing,https://www.facebook.com/kellymossinc,https://www.instagram.com/kellymossinc/, 
KELLYMOSS WITH RILEY NO. 92,https://twitter.com/KellyMossRacing,https://www.facebook.com/kellymossinc,https://www.instagram.com/kellymossinc/, 
KONICA MINOLTA ACURA ARX-06 NO. 10,https://twitter.com/WayneTaylorRcng,https://www.facebook.com/WayneTaylorRacing,https://www.instagram.com/waynetaylorracing/,https://waynetaylorracing.com/
KORTHOFF/PRESTON MOTORSPORTS NO. 32,https://twitter.com/GilbertKorthoff,https://www.facebook.com/teamkorthoffmotorsports,https://www.instagram.com/teamkorthoffmotorsports/, 
MAGNUS RACING NO. 44,https://twitter.com/MagnusRacing,https://www.facebook.com/RacingMagnus,https://www.instagram.com/magnusracing/,http://www.magnusracing.com/
MDK MOTORSPORTS NO. 53,https://twitter.com/mdkmotorsports,https://www.facebook.com/mdkmotorsports,https://www.instagram.com/mdkmotorsports/,https://www.mdkmoto.com/
MEYER SHANK RACING W/CURB-AGAJANIAN NO. 60,https://twitter.com/MeyerShankRac,https://www.facebook.com/MeyerShankRacing,https://www.instagram.com/meyershankracing/,http://www.michaelshankracing.com/
MRS GT-RACING NO. 43, , , , 
NTE SPORT NO. 42,https://twitter.com/NTE_Sport,https://www.facebook.com/ntesportimsa,https://www.instagram.com/nte_sport/, 
PAUL MILLER RACING NO. 1,https://twitter.com/paulmilleracing,https://www.facebook.com/paulmillerracing/,https://www.instagram.com/paulmillerracing/,https://paulmillerracing.com/
PERFORMANCE TECH MOTORSPORTS NO. 38,https://twitter.com/Perf_Tech,https://www.facebook.com/PerformanceTechMotorsports,https://www.instagram.com/performancetech/, 
PFAFF MOTORSPORTS NO. 9,https://twitter.com/pfaffmotorsport,https://www.facebook.com/pfaffmotorsports,https://www.instagram.com/pfaffmotorsports/,https://www.pfaffauto.com/motorsports/
PORSCHE PENSKE MOTORSPORT NO. 6,https://twitter.com/Team_Penske,https://www.facebook.com/TeamPenske,https://www.instagram.com/porschepenskemotorsport/,https://www.teampenske.com/
PORSCHE PENSKE MOTORSPORT NO. 7,https://twitter.com/Team_Penske,https://www.facebook.com/TeamPenske,https://www.instagram.com/team_penske/,https://www.teampenske.com/
PR1 MATHIASEN MOTORSPORTS NO. 52,https://twitter.com/PR1Motorsports,https://www.facebook.com/PR1.Motorsports,https://www.instagram.com/pr1motorsports/,http://pr1motorsports.com/
PROTON COMPETITION NO. 55,https://twitter.com/ProtonRacing,https://www.facebook.com/groups/90230169986,https://www.instagram.com/protoncompetition/, 
RACERS EDGE MOTORSPORTS WITH WTR NO. 93, , , ,https://www.racersedgemotorsports.com/
RICK WARE RACING NO. 51,https://twitter.com/RickWareRacing,https://www.facebook.com/rickwareracing,https://www.instagram.com/rickwareracing/, 
RILEY MOTORSPORTS NO. 74, , ,https://www.instagram.com/rileymotorsports/, 
RISI COMPETIZIONE NO. 62,https://twitter.com/risicomp,https://www.facebook.com/RisiCompetizione,https://www.instagram.com/risicomp/,https://www.risicompetizione.com/
SEAN CREECH MOTORSPORT NO. 33,https://twitter.com/SeanCreechMS,https://www.facebook.com/profile.php?id=100063763831203,https://www.instagram.com/seancreechms/, 
SUN ENERGY 1 NO. 75,https://twitter.com/SunEnergy1Race,https://www.facebook.com/SE1Racing,https://www.instagram.com/sunenergy1racing/, 
TDS RACING NO. 11,https://twitter.com/TDSRacing_live,https://www.facebook.com/TDSRacing,https://www.instagram.com/tdsracing/, 
TDS RACING NO. 35,https://twitter.com/TDSRacing_live,https://www.facebook.com/TDSRacing,https://www.instagram.com/tdsracing/, 
TGM / TF SPORT NO. 64,https://twitter.com/OfficialTFSport,https://www.facebook.com/OfficialTFSport,https://www.instagram.com/tf_sport/, 
TOWER MOTORSPORT NO. 8,https://twitter.com/TOWERMTSPRTS8,https://www.facebook.com/TowerMotorsports,https://www.instagram.com/towermotorsports8/, 
TRIARSI COMPETIZIONE NO. 023, , , ,https://triarsicomp.com/
TURNER MOTORSPORT NO. 96 (IWSC),https://twitter.com/Turnermotrsport,https://www.facebook.com/TurnerMotorsportPreferred, ,https://www.tmsracing.com/
TURNER MOTORSPORT NO. 97,https://twitter.com/Turnermotrsport,https://www.facebook.com/TurnerMotorsportPreferred, ,https://www.tmsracing.com/
VASSER SULLIVAN NO. 12,https://twitter.com/vassersullivan,https://www.facebook.com/vasser.sullivan, ,http://www.aimautosport.com/
VASSER SULLIVAN NO. 14,https://twitter.com/vassersullivan,https://www.facebook.com/vasser.sullivan,https://www.instagram.com/vasser.sullivan/, 
WEATHERTECH RACING NO. 79,https://twitter.com/RaceWeatherTech,https://www.facebook.com/WeatherTechRacing,https://www.instagram.com/weathertech_racing/, 
WHELEN ENGINEERING CADILLAC RACING NO. 31,https://twitter.com/WhelenMTRS,https://www.facebook.com/WhelenMTRS,https://www.instagram.com/whelenmtrs/,http://axracing.com/
WINWARD RACING NO. 57,https://twitter.com/WinwardRacing,https://www.facebook.com/WinwardRacing35,https://www.instagram.com/winwardracing/,https://www.winwardracingusa.com/
WRIGHT MOTORSPORTS NO. 16,https://twitter.com/WrightRac1ng,https://www.facebook.com/wrightmotorsport,https://www.instagram.com/wrightrac1ng/, 
WRIGHT MOTORSPORTS NO. 77,https://twitter.com/WrightRac1ng,https://www.facebook.com/wrightmotorsport,https://www.instagram.com/wrightrac1ng/, 
ACCELERATING PERFORMANCE NO. 44 (IMPC), , , , 
ARCHANGEL MOTORSPORTS NO. 88, , , , 
AUTO TECHNIC RACING NO. 25, , , , 
AUTOMATIC RACING NO. 09, , , ,https://www.imsa.com/racing-teams/automatic-racing-no-09/automaticracing.com
AUTOMATIC RACING NO. 9, , , , 
AVE MOTORSPORTS NO. 14, , , , 
BGB MOTORSPORTS NO. 83, , , , 
BRYAN HERTA AUTOSPORT W/ CURB AGAJANIAN NO. 1, , , ,https://bryanhertaautosport.com/
BRYAN HERTA AUTOSPORT W/ CURB AGAJANIAN NO. 98, , , , 
BRYAN HERTA AUTOSPORT W/ CURB-AGAJANIAN NO. 33, , , , 
CARBAHN WITH PEREGRINE RACING NO. 39, , , , 
CRUCIAL MOTORSPORTS NO. 58, , , , 
DEILY MOTORSPORTS LLC NO. 70, , , , 
DEILY MOTORSPORTS LLC NO. 74, , , , 
FAST TRACK RACING NO. 26, , , , 
HART NO. 89, , , , 
JTR MOTORSPORTS ENGINEERING NO. 23, , , , 
KMW MOTORSPORTS WITH TMR ENGINEERING NO. 5, , , , 
KOHR MOTORSPORTS NO. 59, ,https://www.facebook.com/kohrmotorsports, , 
LA HONDA WORLD RACING NO. 37, , , , 
LA HONDA WORLD RACING NO. 73, , , , 
LONE STAR RACING NO. 27, , , , 
MCCUMBEE MCALEER RACING WITH AEROSPORT NO. 13,https://twitter.com/mccumbeemcaleer,https://www.facebook.com/mccumbeemcaleerracing,https://www.instagram.com/mccumbeemcaleerracing/,https://www.mccumbeemcaleer.com/
MOTORSPORTS IN ACTION NO. 69, , , ,https://www.motorsportsinaction.com/
MURILLO RACING NO. 56, ,https://www.facebook.com/murilloracing/, ,http://www.murilloracing.com/
MURILLO RACING NO. 72, ,https://www.facebook.com/murilloracing/, ,http://www.murilloracing.com/
NOLASPORT NO. 47, , , , 
NV AUTOSPORT NO. 79, , , , 
PF RACING NO. 41, , , , 
PF RACING NO. 42, , , , 
REBEL ROCK RACING NO. 71, ,https://www.facebook.com/rebelrockracing2.0, ,https://rebelrockracing.co/
ROAD SHAGGER RACING NO. 61, ,https://www.facebook.com/TeamRSR61,https://www.instagram.com/roadshaggerracing/,https://roadshagger.com/
ROCKWELL AUTOSPORT DEVELOPMENT NO. 10, , , , 
ROCKWELL AUTOSPORT DEVELOPMENT NO. 15, , , , 
RS1 NO. 28, , , ,https://www.rennsport-one.com/
STEPHEN CAMERON RACING NO. 43, , , , 
TEAMTGM NO. 46,https://twitter.com/goTeamTGM,https://www.facebook.com/TeamTGM,https://www.instagram.com/team_tgm, 
TEAMTGM NO. 64,https://twitter.com/goTeamTGM,https://www.facebook.com/TeamTGM,https://www.instagram.com/team_tgm,http://www.teamtgm.com/
TR3 RACING NO. 29, , , , 
TURNER MOTORSPORT NO. 95 (IMPC),https://twitter.com/Turnermotrsport,https://www.facebook.com/TurnerMotorsportPreferred, ,https://www.tmsracing.com/
TURNER MOTORSPORT NO. 96 (IMPC),https://twitter.com/Turnermotrsport,https://www.facebook.com/TurnerMotorsportPreferred, ,https://www.tmsracing.com/
UNITRONIC JDC-MILLER MOTORSPORTS NO. 17, , , , 
VAN DER STEUR RACING NO. 19, , ,https://www.instagram.com/vandersteurracing/,https://www.vandersteurracing.com/
VICTOR GONZALEZ RACING TEAM NO. 99, , , , 
WILSPORTS NO. 11, , , , 
WINWARD RACING NO. 57 (IMPC), , , , 
ACCELERATING PERFORMANCE NO. 44, , , , 
ARCHANGEL MOTORSPORTS NO. 69, , , , 
AUTO TECHNIC RACING NO. 25, , , , 
BGB MOTORSPORTS NO. 17, , , , 
CARBAHN WITH PEREGRINE RACING NO. 93, , , , 
FORTE RACING POWERED BY USRT NO. 77, , , , 
FORTY7 MOTORSPORTS NO. 99, , , , 
JDC MOTORSPORTS NO. 73, , , , 
JR III RACING NO. 3,https://twitter.com/jriiiracing, ,https://www.instagram.com/jriiiracing/,https://www.jriiiracing.com/
KELLYMOSS WITH RILEY NO. 27, , , , 
KELLYMOSS WITH RILEY NO. 28, , , , 
KELLYMOSS WITH RILEY NO. 86, , , , 
KMW MOTORSPORTS WITH TMR ENGINEERING NO. 5, , , , 
KOHR MOTORSPORTS NO. 14, , , , 
MLT MOTORSPORTS NO. 54, , , ,https://mltmotorsports.com/
MUEHLNER MOTORSPORTS AMERICA NO. 18,https://www.twitter.com/MUEHLNERMOTORS,https://www.facebook.com/MUEHLNERMOTORSPORT,https://www.instagram.com/MuehlnerMotorsport,https://www.muehlner-motorsports-america.com/
MULTIMATIC MOTORSPORTS NO. 98,https://twitter.com/@MultimaticRace,https://www.facebook.com/MultimaticMotorsports, ,https://multimaticmotorsports.com/
MURILLO RACING NO. 65, , , , 
REBEL ROCK RACING NO. 72, ,https://www.facebook.com/rebelrockracing2.0, ,https://rebelrockracing.co/
SEAN CREECH MOTORSPORTS NO. 30, , , ,http://www.seancreechmotorsport.com/
SPLIT DECISION MOTORSPORTS NO. 88, , , , 
STEPHEN CAMERON RACING NO. 19, , , , 
TURNER MOTORSPORT NO. 95,https://twitter.com/Turnermotrsport,https://www.facebook.com/TurnerMotorsportPreferred, ,https://www.tmsracing.com/
TURNER MOTORSPORT NO. 96,https://twitter.com/Turnermotrsport,https://www.facebook.com/TurnerMotorsportPreferred, ,https://www.tmsracing.com/
